"File","LineNumber","Match"
"D:\Apps_ykhoa\src\components\clinical-flow-studio.html","537","const embedSnippet = `<iframe src=""${window.location.origin}/pages/clinical-flow-studio.html"" width=""100%"" height=""600"" frameborder=""0"" allowfullscreen></iframe>`;"
"D:\Apps_ykhoa\src\content\approaches\pathology\benh-ly.js","824","const embedSnippet = `<iframe src=""${window.location.origin}/pages/clinical-flow-studio.html"" width=""100%"" height=""600"" frameborder=""0"" allowfullscreen></iframe>`;"
"D:\Apps_ykhoa\src\content\approaches\symptoms\gastro-symptoms\abdominal-pain\tc-daubung-cap-havi.html","131","<clini-breadcrumb items='[{""label"": ""🏠 Trang chủ"", ""url"": ""../../../../../index.html""}, {""label"": ""Tiếp cận lâm sàng"", ""url"": ""../../../../../pages/Tiếp cận/tiep-can.html""}, {""label"": ""Tiếp cận Đau Bụng"", ""url"": ""TC_Daubung.html""}, {""label"": ""Hạ vị""}]'></clini-breadcrumb>"
"D:\Apps_ykhoa\src\content\approaches\symptoms\gastro-symptoms\abdominal-pain\tc-daubung-cap-hcp.html","131","<clini-breadcrumb items='[{""label"": ""🏠 Trang chủ"", ""url"": ""../../../../../index.html""}, {""label"": ""Tiếp cận lâm sàng"", ""url"": ""../../../../../pages/Tiếp cận/tiep-can.html""}, {""label"": ""Tiếp cận Đau Bụng"", ""url"": ""TC_Daubung.html""}, {""label"": ""Hố chậu phải (RLQ)""}]'></clini-breadcrumb>"
"D:\Apps_ykhoa\src\content\approaches\symptoms\gastro-symptoms\abdominal-pain\tc-daubung-cap-hct.html","131","<clini-breadcrumb items='[{""label"": ""🏠 Trang chủ"", ""url"": ""../../../../../index.html""}, {""label"": ""Tiếp cận lâm sàng"", ""url"": ""../../../../../pages/Tiếp cận/tiep-can.html""}, {""label"": ""Tiếp cận Đau Bụng"", ""url"": ""TC_Daubung.html""}, {""label"": ""Hố chậu trái (LLQ)""}]'></clini-breadcrumb>"
"D:\Apps_ykhoa\src\content\approaches\symptoms\gastro-symptoms\abdominal-pain\tc-daubung-cap-hsr.html","131","<clini-breadcrumb items='[{""label"": ""🏠 Trang chủ"", ""url"": ""../../../../../index.html""}, {""label"": ""Tiếp cận lâm sàng"", ""url"": ""../../../../../pages/Tiếp cận/tiep-can.html""}, {""label"": ""Tiếp cận Đau Bụng"", ""url"": ""TC_Daubung.html""}, {""label"": ""Hạ sườn phải (RUQ)""}]'></clini-breadcrumb>"
"D:\Apps_ykhoa\src\content\approaches\symptoms\gastro-symptoms\abdominal-pain\tc-daubung-cap-hst.html","131","<clini-breadcrumb items='[{""label"": ""🏠 Trang chủ"", ""url"": ""../../../../../index.html""}, {""label"": ""Tiếp cận lâm sàng"", ""url"": ""../../../../../pages/Tiếp cận/tiep-can.html""}, {""label"": ""Tiếp cận Đau Bụng"", ""url"": ""TC_Daubung.html""}, {""label"": ""Hạ sườn trái (LUQ)""}]'></clini-breadcrumb>"
"D:\Apps_ykhoa\src\content\approaches\symptoms\gastro-symptoms\abdominal-pain\tc-daubung-cap-nguoilon-tuoi.html","131","<clini-breadcrumb items='[{""label"": ""🏠 Trang chủ"", ""url"": ""../../../../../index.html""}, {""label"": ""Tiếp cận lâm sàng"", ""url"": ""../../../../../pages/Tiếp cận/tiep-can.html""}, {""label"": ""Tiếp cận Đau Bụng"", ""url"": ""TC_Daubung.html""}, {""label"": ""Người cao tuổi""}]'></clini-breadcrumb>"
"D:\Apps_ykhoa\src\content\approaches\symptoms\gastro-symptoms\abdominal-pain\tc-daubung-cap-phunu.html","131","<clini-breadcrumb items='[{""label"": ""🏠 Trang chủ"", ""url"": ""../../../../../index.html""}, {""label"": ""Tiếp cận lâm sàng"", ""url"": ""../../../../../pages/Tiếp cận/tiep-can.html""}, {""label"": ""Tiếp cận Đau Bụng"", ""url"": ""TC_Daubung.html""}, {""label"": ""Phụ nữ sinh sản""}]'></clini-breadcrumb>"
"D:\Apps_ykhoa\src\content\approaches\symptoms\gastro-symptoms\abdominal-pain\tc-daubung-cap-quanhron.html","131","<clini-breadcrumb items='[{""label"": ""🏠 Trang chủ"", ""url"": ""../../../../../index.html""}, {""label"": ""Tiếp cận lâm sàng"", ""url"": ""../../../../../pages/Tiếp cận/tiep-can.html""}, {""label"": ""Tiếp cận Đau Bụng"", ""url"": ""TC_Daubung.html""}, {""label"": ""Quanh rốn""}]'></clini-breadcrumb>"
"D:\Apps_ykhoa\src\content\approaches\symptoms\gastro-symptoms\abdominal-pain\tc-daubung-cap-thuongvi.html","131","<clini-breadcrumb items='[{""label"": ""🏠 Trang chủ"", ""url"": ""../../../../../index.html""}, {""label"": ""Tiếp cận lâm sàng"", ""url"": ""../../../../../pages/Tiếp cận/tiep-can.html""}, {""label"": ""Tiếp cận Đau Bụng"", ""url"": ""TC_Daubung.html""}, {""label"": ""Thượng vị""}]'></clini-breadcrumb>"
"D:\Apps_ykhoa\src\content\approaches\symptoms\gastro-symptoms\abdominal-pain\tc-daubung-cap-treem.html","131","<clini-breadcrumb items='[{""label"": ""🏠 Trang chủ"", ""url"": ""../../../../../index.html""}, {""label"": ""Tiếp cận lâm sàng"", ""url"": ""../../../../../pages/Tiếp cận/tiep-can.html""}, {""label"": ""Tiếp cận Đau Bụng"", ""url"": ""TC_Daubung.html""}, {""label"": ""Trẻ em""}]'></clini-breadcrumb>"
"D:\Apps_ykhoa\src\content\approaches\symptoms\gastro-symptoms\abdominal-pain\tc-daubung-man.html","131","<clini-breadcrumb items='[{""label"": ""🏠 Trang chủ"", ""url"": ""../../../../../index.html""}, {""label"": ""Tiếp cận lâm sàng"", ""url"": ""../../../../../pages/Tiếp cận/tiep-can.html""}, {""label"": ""Tiếp cận Đau Bụng"", ""url"": ""TC_Daubung.html""}, {""label"": ""Mạn tính""}]'></clini-breadcrumb>"
"D:\Apps_ykhoa\src\content\approaches\symptoms\systemic-symptoms\fever\tc-sot-dauco.html","71","<clini-breadcrumb items='[{""label"": ""🏠 Trang chủ"", ""url"": ""../../../../../index.html""}, {""label"": ""Tiếp cận lâm sàng"", ""url"": ""../../../../../pages/Tiếp cận/tiep-can.html""}, {""label"": ""Tiếp cận Sốt"", ""url"": ""TC_Sot.html""}, {""label"": ""Sốt + Đau cơ""}]'></clini-breadcrumb>"
"D:\Apps_ykhoa\src\content\approaches\symptoms\systemic-symptoms\fever\tc-sot-daudau.html","71","<clini-breadcrumb items='[{""label"": ""🏠 Trang chủ"", ""url"": ""../../../../../index.html""}, {""label"": ""Tiếp cận lâm sàng"", ""url"": ""../../../../../pages/Tiếp cận/tiep-can.html""}, {""label"": ""Tiếp cận Sốt"", ""url"": ""TC_Sot.html""}, {""label"": ""Sốt + Đau đầu""}]'></clini-breadcrumb>"
"D:\Apps_ykhoa\src\content\approaches\symptoms\systemic-symptoms\fever\tc-sot-daukhop.html","71","<clini-breadcrumb items='[{""label"": ""🏠 Trang chủ"", ""url"": ""../../../../../index.html""}, {""label"": ""Tiếp cận lâm sàng"", ""url"": ""../../../../../pages/Tiếp cận/tiep-can.html""}, {""label"": ""Tiếp cận Sốt"", ""url"": ""TC_Sot.html""}, {""label"": ""Sốt + Đau khớp""}]'></clini-breadcrumb>"
"D:\Apps_ykhoa\src\content\approaches\symptoms\systemic-symptoms\fever\tc-sot-daunguc.html","71","<clini-breadcrumb items='[{""label"": ""🏠 Trang chủ"", ""url"": ""../../../../../index.html""}, {""label"": ""Tiếp cận lâm sàng"", ""url"": ""../../../../../pages/Tiếp cận/tiep-can.html""}, {""label"": ""Tiếp cận Sốt"", ""url"": ""TC_Sot.html""}, {""label"": ""Sốt + Đau ngực""}]'></clini-breadcrumb>"
"D:\Apps_ykhoa\src\content\approaches\symptoms\systemic-symptoms\fever\tc-sot-hachto.html","69","<clini-breadcrumb items='[{""label"": ""🏠 Trang chủ"", ""url"": ""../../../../../index.html""}, {""label"": ""Tiếp cận lâm sàng"", ""url"": ""../../../../../pages/Tiếp cận/tiep-can.html""}, {""label"": ""Tiếp cận Sốt"", ""url"": ""TC_Sot.html""}, {""label"": ""Sốt + Hạch to""}]'></clini-breadcrumb>"
"D:\Apps_ykhoa\src\content\approaches\symptoms\systemic-symptoms\fever\tc-sot-hcnhiemsieuvi.html","69","<clini-breadcrumb items='[{""label"": ""🏠 Trang chủ"", ""url"": ""../../../../../index.html""}, {""label"": ""Tiếp cận lâm sàng"", ""url"": ""../../../../../pages/Tiếp cận/tiep-can.html""}, {""label"": ""Tiếp cận Sốt"", ""url"": ""TC_Sot.html""}, {""label"": ""Sốt + Hội chứng nhiễm siêu vi""}]'></clini-breadcrumb>"
"D:\Apps_ykhoa\src\content\approaches\symptoms\systemic-symptoms\fever\tc-sot-hcnhiemtrung.html","69","<clini-breadcrumb items='[{""label"": ""🏠 Trang chủ"", ""url"": ""../../../../../index.html""}, {""label"": ""Tiếp cận lâm sàng"", ""url"": ""../../../../../pages/Tiếp cận/tiep-can.html""}, {""label"": ""Tiếp cận Sốt"", ""url"": ""TC_Sot.html""}, {""label"": ""Sốt + Hội chứng nhiễm trùng""}]'></clini-breadcrumb>"
"D:\Apps_ykhoa\src\content\approaches\symptoms\systemic-symptoms\fever\tc-sot-hcsoc.html","69","<clini-breadcrumb items='[{""label"": ""🏠 Trang chủ"", ""url"": ""../../../../../index.html""}, {""label"": ""Tiếp cận lâm sàng"", ""url"": ""../../../../../pages/Tiếp cận/tiep-can.html""}, {""label"": ""Tiếp cận Sốt"", ""url"": ""TC_Sot.html""}, {""label"": ""Sốt + Hội chứng sốc""}]'></clini-breadcrumb>"
"D:\Apps_ykhoa\src\content\approaches\symptoms\systemic-symptoms\fever\tc-sot-ho.html","71","<clini-breadcrumb items='[{""label"": ""🏠 Trang chủ"", ""url"": ""../../../../../index.html""}, {""label"": ""Tiếp cận lâm sàng"", ""url"": ""../../../../../pages/Tiếp cận/tiep-can.html""}, {""label"": ""Tiếp cận Sốt"", ""url"": ""TC_Sot.html""}, {""label"": ""Sốt + Ho""}]'></clini-breadcrumb>"
"D:\Apps_ykhoa\src\content\approaches\symptoms\systemic-symptoms\fever\tc-sot-phatban.html","71","<clini-breadcrumb items='[{""label"": ""🏠 Trang chủ"", ""url"": ""../../../../../index.html""}, {""label"": ""Tiếp cận lâm sàng"", ""url"": ""../../../../../pages/Tiếp cận/tiep-can.html""}, {""label"": ""Tiếp cận Sốt"", ""url"": ""TC_Sot.html""}, {""label"": ""Sốt + Phát ban""}]'></clini-breadcrumb>"
"D:\Apps_ykhoa\src\content\approaches\symptoms\systemic-symptoms\fever\tc-sot-roiloantrigiac.html","69","<clini-breadcrumb items='[{""label"": ""🏠 Trang chủ"", ""url"": ""../../../../../index.html""}, {""label"": ""Tiếp cận lâm sàng"", ""url"": ""../../../../../pages/Tiếp cận/tiep-can.html""}, {""label"": ""Tiếp cận Sốt"", ""url"": ""TC_Sot.html""}, {""label"": ""Sốt + Rối loạn tri giác""}]'></clini-breadcrumb>"
"D:\Apps_ykhoa\src\content\approaches\symptoms\systemic-symptoms\fever\tc-sot-tieubuotrat.html","71","<clini-breadcrumb items='[{""label"": ""🏠 Trang chủ"", ""url"": ""../../../../../index.html""}, {""label"": ""Tiếp cận lâm sàng"", ""url"": ""../../../../../pages/Tiếp cận/tiep-can.html""}, {""label"": ""Tiếp cận Sốt"", ""url"": ""TC_Sot.html""}, {""label"": ""Sốt + Tiểu buốt/rắt""}]'></clini-breadcrumb>"
"D:\Apps_ykhoa\src\content\approaches\symptoms\systemic-symptoms\fever\tc-sot-tieuchay.html","69","<clini-breadcrumb items='[{""label"": ""🏠 Trang chủ"", ""url"": ""../../../../../index.html""}, {""label"": ""Tiếp cận lâm sàng"", ""url"": ""../../../../../pages/Tiếp cận/tiep-can.html""}, {""label"": ""Tiếp cận Sốt"", ""url"": ""TC_Sot.html""}, {""label"": ""Sốt + Nôn ói / Tiêu chảy""}]'></clini-breadcrumb>"
"D:\Apps_ykhoa\src\content\approaches\symptoms\systemic-symptoms\fever\tc-sot-vangda.html","71","<clini-breadcrumb items='[{""label"": ""🏠 Trang chủ"", ""url"": ""../../../../../index.html""}, {""label"": ""Tiếp cận lâm sàng"", ""url"": ""../../../../../pages/Tiếp cận/tiep-can.html""}, {""label"": ""Tiếp cận Sốt"", ""url"": ""TC_Sot.html""}, {""label"": ""Sốt + Vàng da""}]'></clini-breadcrumb>"
"D:\Apps_ykhoa\src\content\approaches\symptoms\systemic-symptoms\fever\tc-sot.html","193","<clini-breadcrumb items='[{""label"": ""🏠 Trang chủ"", ""url"": ""../../../../../index.html""}, {""label"": ""Tiếp cận lâm sàng"", ""url"": ""../../../../../pages/Tiếp cận/tiep-can.html""}, {""label"": ""Than phiền Toàn thân"", ""url"": ""#""}, {""label"": ""Sốt""}]'></clini-breadcrumb>"
"D:\Apps_ykhoa\src\content\approaches\huong-dan-thiet-ke.md","3","Phân hệ **Tiếp cận** (`pages/Tiếp cận/`) chuyên về các thuật toán chẩn đoán và phác đồ xử trí cấp cứu dưới dạng lưu đồ tương tác sinh động (Interactive Flowcharts). Tài liệu này hướng dẫn các nhà phát triển và tác nhân AI xây dựng các lưu đồ tiếp theo đồng bộ 100% với giao diện hệ thống."
"D:\Apps_ykhoa\src\content\approaches\huong-dan-thiet-ke.md","9","- **Nếu tệp nằm ở gốc thư mục Tiếp cận** (Ví dụ: `pages/Tiếp cận/tiep-can-moi.html`): Lùi **2 cấp** (`../../`)."
"D:\Apps_ykhoa\src\content\approaches\huong-dan-thiet-ke.md","11","- **Nếu tệp nằm trong các thư mục con phân nhóm** (Ví dụ: `pages/Tiếp cận/1. Cấp cứu & Hồi sức chấn thương/phac-do.html`): Lùi **3 cấp** (`../../../`)."
"D:\Apps_ykhoa\src\content\approaches\huong-dan-thiet-ke.md","270","Để hiện đại hóa, giảm nợ kỹ thuật và tách biệt dữ liệu y khoa khỏi giao diện HTML, phân hệ **Tiếp cận** hỗ trợ bộ động cơ `js/approach-engine.js` cho phép đọc và render tự động các định dạng file sau tại thư mục `pages/Tiếp cận/data/`:"
"D:\Apps_ykhoa\src\content\approaches\index.json","8","""legacyPath"": ""./pages/Tiếp cận/1. HS-CC/Cấp cứu Môi trường & Độc chất/TC_CC_CCmoitruong&Docchat.html"""
"D:\Apps_ykhoa\src\content\approaches\index.json","16","""legacyPath"": ""./pages/Tiếp cận/1. HS-CC/Cấp cứu Ngoại khoa & Chấn thương/TC_CC_Ngoai&CT.html"""
"D:\Apps_ykhoa\src\content\approaches\index.json","24","""legacyPath"": ""./pages/Tiếp cận/1. HS-CC/Cấp cứu Sản - Nhi/TC_CC_San&Nhi.html"""
"D:\Apps_ykhoa\src\content\approaches\index.json","32","""legacyPath"": ""./pages/Tiếp cận/1. HS-CC/emergency-quick-protocol.html"""
"D:\Apps_ykhoa\src\content\approaches\index.json","40","""legacyPath"": ""./pages/Tiếp cận/1. HS-CC/Hồi sức cơ bản & nâng cao/TC_HS_BLS-ALCS.html"""
"D:\Apps_ykhoa\src\content\approaches\index.json","48","""legacyPath"": ""./pages/Tiếp cận/2. Triệu chứng/Than phiền Hô hấp - Tim mạch/TC_Daunguc.html"""
"D:\Apps_ykhoa\src\content\approaches\index.json","56","""legacyPath"": ""./pages/Tiếp cận/2. Triệu chứng/Than phiền Hô hấp - Tim mạch/TC_Khotho.html"""
"D:\Apps_ykhoa\src\content\approaches\index.json","64","""legacyPath"": ""./pages/Tiếp cận/2. Triệu chứng/Than phiền Tiêu hóa - Bụng/Đau bụng/TC_Daubung.html"""
"D:\Apps_ykhoa\src\content\approaches\index.json","72","""legacyPath"": ""./pages/Tiếp cận/2. Triệu chứng/Than phiền Tiêu hóa - Bụng/Đau bụng/TC_Daubung_Cap_HaVi.html"""
"D:\Apps_ykhoa\src\content\approaches\index.json","80","""legacyPath"": ""./pages/Tiếp cận/2. Triệu chứng/Than phiền Tiêu hóa - Bụng/Đau bụng/TC_Daubung_Cap_HCP.html"""
"D:\Apps_ykhoa\src\content\approaches\index.json","88","""legacyPath"": ""./pages/Tiếp cận/2. Triệu chứng/Than phiền Tiêu hóa - Bụng/Đau bụng/TC_Daubung_Cap_HCT.html"""
"D:\Apps_ykhoa\src\content\approaches\index.json","96","""legacyPath"": ""./pages/Tiếp cận/2. Triệu chứng/Than phiền Tiêu hóa - Bụng/Đau bụng/TC_Daubung_Cap_HSR.html"""
"D:\Apps_ykhoa\src\content\approaches\index.json","104","""legacyPath"": ""./pages/Tiếp cận/2. Triệu chứng/Than phiền Tiêu hóa - Bụng/Đau bụng/TC_Daubung_Cap_HST.html"""
"D:\Apps_ykhoa\src\content\approaches\index.json","112","""legacyPath"": ""./pages/Tiếp cận/2. Triệu chứng/Than phiền Tiêu hóa - Bụng/Đau bụng/TC_Daubung_Cap_Nguoilon-tuoi.html"""
"D:\Apps_ykhoa\src\content\approaches\index.json","120","""legacyPath"": ""./pages/Tiếp cận/2. Triệu chứng/Than phiền Tiêu hóa - Bụng/Đau bụng/TC_Daubung_Cap_Phunu.html"""
"D:\Apps_ykhoa\src\content\approaches\index.json","128","""legacyPath"": ""./pages/Tiếp cận/2. Triệu chứng/Than phiền Tiêu hóa - Bụng/Đau bụng/TC_Daubung_Cap_Quanhron.html"""
"D:\Apps_ykhoa\src\content\approaches\index.json","136","""legacyPath"": ""./pages/Tiếp cận/2. Triệu chứng/Than phiền Tiêu hóa - Bụng/Đau bụng/TC_Daubung_Cap_Thuongvi.html"""
"D:\Apps_ykhoa\src\content\approaches\index.json","144","""legacyPath"": ""./pages/Tiếp cận/2. Triệu chứng/Than phiền Tiêu hóa - Bụng/Đau bụng/TC_Daubung_Cap_Treem.html"""
"D:\Apps_ykhoa\src\content\approaches\index.json","152","""legacyPath"": ""./pages/Tiếp cận/2. Triệu chứng/Than phiền Tiêu hóa - Bụng/Đau bụng/TC_Daubung_Man.html"""
"D:\Apps_ykhoa\src\content\approaches\index.json","160","""legacyPath"": ""./pages/Tiếp cận/2. Triệu chứng/Than phiền Toàn thân/Sốt/TC_Sot&DauCo.html"""
"D:\Apps_ykhoa\src\content\approaches\index.json","168","""legacyPath"": ""./pages/Tiếp cận/2. Triệu chứng/Than phiền Toàn thân/Sốt/TC_Sot&Daudau.html"""
"D:\Apps_ykhoa\src\content\approaches\index.json","176","""legacyPath"": ""./pages/Tiếp cận/2. Triệu chứng/Than phiền Toàn thân/Sốt/TC_Sot&DauKhop.html"""
"D:\Apps_ykhoa\src\content\approaches\index.json","184","""legacyPath"": ""./pages/Tiếp cận/2. Triệu chứng/Than phiền Toàn thân/Sốt/TC_Sot&DauNguc.html"""
"D:\Apps_ykhoa\src\content\approaches\index.json","192","""legacyPath"": ""./pages/Tiếp cận/2. Triệu chứng/Than phiền Toàn thân/Sốt/TC_Sot&HachTo.html"""
"D:\Apps_ykhoa\src\content\approaches\index.json","200","""legacyPath"": ""./pages/Tiếp cận/2. Triệu chứng/Than phiền Toàn thân/Sốt/TC_Sot&HCNhiemSieuVi.html"""
"D:\Apps_ykhoa\src\content\approaches\index.json","208","""legacyPath"": ""./pages/Tiếp cận/2. Triệu chứng/Than phiền Toàn thân/Sốt/TC_Sot&HCNhiemTrung.html"""
"D:\Apps_ykhoa\src\content\approaches\index.json","216","""legacyPath"": ""./pages/Tiếp cận/2. Triệu chứng/Than phiền Toàn thân/Sốt/TC_Sot&HCSoc.html"""
"D:\Apps_ykhoa\src\content\approaches\index.json","224","""legacyPath"": ""./pages/Tiếp cận/2. Triệu chứng/Than phiền Toàn thân/Sốt/TC_Sot&Ho.html"""
"D:\Apps_ykhoa\src\content\approaches\index.json","232","""legacyPath"": ""./pages/Tiếp cận/2. Triệu chứng/Than phiền Toàn thân/Sốt/TC_Sot&PhatBan.html"""
"D:\Apps_ykhoa\src\content\approaches\index.json","240","""legacyPath"": ""./pages/Tiếp cận/2. Triệu chứng/Than phiền Toàn thân/Sốt/TC_Sot&RoiLoanTriGiac.html"""
"D:\Apps_ykhoa\src\content\approaches\index.json","248","""legacyPath"": ""./pages/Tiếp cận/2. Triệu chứng/Than phiền Toàn thân/Sốt/TC_Sot&TieuBuotRat.html"""
"D:\Apps_ykhoa\src\content\approaches\index.json","256","""legacyPath"": ""./pages/Tiếp cận/2. Triệu chứng/Than phiền Toàn thân/Sốt/TC_Sot&TieuChay.html"""
"D:\Apps_ykhoa\src\content\approaches\index.json","264","""legacyPath"": ""./pages/Tiếp cận/2. Triệu chứng/Than phiền Toàn thân/Sốt/TC_Sot&VangDa.html"""
"D:\Apps_ykhoa\src\content\approaches\index.json","272","""legacyPath"": ""./pages/Tiếp cận/2. Triệu chứng/Than phiền Toàn thân/Sốt/TC_Sot.html"""
"D:\Apps_ykhoa\src\content\approaches\index.json","280","""legacyPath"": ""./pages/Tiếp cận/2. Triệu chứng/Than phiền Toàn thân/TC_Phu.html"""
"D:\Apps_ykhoa\src\content\approaches\index.json","288","""legacyPath"": ""./pages/Tiếp cận/2. Triệu chứng/Than phiền Toàn thân/TC_Vangda.html"""
"D:\Apps_ykhoa\src\content\approaches\index.json","296","""legacyPath"": ""./pages/Tiếp cận/3. Cận lâm sàng/TC_bachcau.html"""
"D:\Apps_ykhoa\src\content\approaches\index.json","304","""legacyPath"": ""./pages/Tiếp cận/3. Cận lâm sàng/TC_monocyte.html"""
"D:\Apps_ykhoa\src\content\approaches\index.json","312","""legacyPath"": ""./pages/Tiếp cận/3. Cận lâm sàng/TC_Sinhhoagan.html"""
"D:\Apps_ykhoa\src\content\approaches\index.json","320","""legacyPath"": ""./pages/Tiếp cận/3. Cận lâm sàng/TC_Thieumau.html"""
"D:\Apps_ykhoa\src\content\approaches\index.json","328","""legacyPath"": ""./pages/Tiếp cận/3. Cận lâm sàng/TC_tieu-cau.html"""
"D:\Apps_ykhoa\src\content\approaches\index.json","336","""legacyPath"": ""./pages/Tiếp cận/4. Bệnh lý/benh-ly.html"""
"D:\Apps_ykhoa\src\content\approaches\index.json","344","""legacyPath"": ""./pages/Tiếp cận/4. Bệnh lý/data/dvt-evidence-summary.md"""
"D:\Apps_ykhoa\src\content\approaches\index.json","352","""legacyPath"": ""./pages/Tiếp cận/4. Bệnh lý/data/stemi-guideline-2026.md"""
"D:\Apps_ykhoa\src\content\approaches\index.json","360","""legacyPath"": ""./pages/Tiếp cận/5. Dược lý/TC_DL_Hohap.html"""
"D:\Apps_ykhoa\src\content\approaches\index.json","368","""legacyPath"": ""./pages/Tiếp cận/5. Dược lý/TC_DL_Khangsinh.html"""
"D:\Apps_ykhoa\src\content\approaches\index.json","376","""legacyPath"": ""./pages/Tiếp cận/5. Dược lý/TC_DL_Noitiet.html"""
"D:\Apps_ykhoa\src\content\approaches\index.json","384","""legacyPath"": ""./pages/Tiếp cận/5. Dược lý/TC_DL_Tieuhoa.html"""
"D:\Apps_ykhoa\src\content\approaches\index.json","392","""legacyPath"": ""./pages/Tiếp cận/5. Dược lý/TC_DL_Timmach.html"""
"D:\Apps_ykhoa\src\content\approaches\index.json","400","""legacyPath"": ""./pages/Tiếp cận/5. Dược lý/TC_DL_Ttoan_than.html"""
"D:\Apps_ykhoa\src\content\approaches\index.json","408","""legacyPath"": ""./pages/Tiếp cận/5. Dược lý/TC_DL_Vanmach.html"""
"D:\Apps_ykhoa\src\content\approaches\index.json","416","""legacyPath"": ""./pages/Tiếp cận/6. Công cụ tương tác/body-map.html"""
"D:\Apps_ykhoa\src\content\approaches\index.json","424","""legacyPath"": ""./pages/Tiếp cận/6. Công cụ tương tác/case-simulator.html"""
"D:\Apps_ykhoa\src\content\approaches\index.json","432","""legacyPath"": ""./pages/Tiếp cận/6. Công cụ tương tác/knowledge-graph.html"""
"D:\Apps_ykhoa\src\content\approaches\index.json","440","""legacyPath"": ""./pages/Tiếp cận/6. Công cụ tương tác/ma-tran-trieu-chung.html"""
"D:\Apps_ykhoa\src\content\approaches\index.json","448","""legacyPath"": ""./pages/Tiếp cận/data/clinical-pearls.md"""
"D:\Apps_ykhoa\src\content\approaches\index.json","456","""legacyPath"": ""./pages/Tiếp cận/HUONG_DAN_THIET_KE.md"""
"D:\Apps_ykhoa\src\content\approaches\index.json","464","""legacyPath"": ""./pages/Tiếp cận/tiep-can.html"""
"D:\Apps_ykhoa\src\content\calculators\infectious\chinh-lieu-khang-sinh.md","8","* **Đường dẫn tệp:** [Chinhlieu_khangsinh.html](../../../../pages/Công cụ/Truyền Nhiễm/Chinhlieu_khangsinh.html)"
"D:\Apps_ykhoa\src\content\calculators\huong-dan-thiet-ke.md","3","Thư mục `pages/Công cụ/` chứa các ứng dụng tính toán lâm sàng, công cụ tra cứu y tế và hướng dẫn phác đồ điều trị động. Để duy trì tính nhất quán về thẩm mỹ và chức năng, các công cụ tiếp theo phải được xây dựng theo một trong ba phong cách giao diện (UI Style) chuẩn dưới đây."
"D:\Apps_ykhoa\src\content\calculators\huong-dan-thiet-ke.md","11","- **Cấp thư mục 4** (`pages/Công cụ/[Phân_nhóm]/[Tên_tệp].html`): Lùi **3 cấp** (`../../../`)"
"D:\Apps_ykhoa\src\content\calculators\huong-dan-thiet-ke.md","13","- **Cấp thư mục 5** (`pages/Công cụ/[Phân_nhóm]/[Thư_mục_con]/[Tên_tệp].html` - Ví dụ: `pages/Công cụ/Chung/Tra cứu mã ICD10/Tracuu_maICD10.html`): Lùi **4 cấp** (`../../../../`)"
"D:\Apps_ykhoa\src\content\calculators\huong-dan-thiet-ke.md","91","### 3. Tích hợp trong HTML (`pages/Công cụ/[Phân nhóm]/file.html`)"
"D:\Apps_ykhoa\src\content\calculators\huong-dan-thiet-ke.md","110","* **File HTML**: `pages/Công cụ/Thận & Điện giải - toan kiềm/renal-function.html`"
"D:\Apps_ykhoa\src\content\calculators\index.json","9","""legacyPath"": ""./pages/Công cụ/Cấp cứu & hồi sức/DG_AnthanICU.html"""
"D:\Apps_ykhoa\src\content\calculators\index.json","18","""legacyPath"": ""./pages/Công cụ/Cấp cứu & hồi sức/ECG_Studio.html"""
"D:\Apps_ykhoa\src\content\calculators\index.json","27","""legacyPath"": ""./pages/Công cụ/Cấp cứu & hồi sức/QL_Budich.html"""
"D:\Apps_ykhoa\src\content\calculators\index.json","36","""legacyPath"": ""./pages/Công cụ/Cấp cứu & hồi sức/QL_Maytho.html"""
"D:\Apps_ykhoa\src\content\calculators\index.json","45","""legacyPath"": ""./pages/Công cụ/Cấp cứu & hồi sức/QL_Vanmach.html"""
"D:\Apps_ykhoa\src\content\calculators\index.json","54","""legacyPath"": ""./pages/Công cụ/Cấp cứu & hồi sức/Quản lý máy thở.md"""
"D:\Apps_ykhoa\src\content\calculators\index.json","63","""legacyPath"": ""./pages/Công cụ/Thận & Điện giải - toan kiềm/Cập nhật toan kiềm.md"""
"D:\Apps_ykhoa\src\content\calculators\index.json","72","""legacyPath"": ""./pages/Công cụ/Thận & Điện giải - toan kiềm/DG_ABG.html"""
"D:\Apps_ykhoa\src\content\calculators\index.json","81","""legacyPath"": ""./pages/Công cụ/Thận & Điện giải - toan kiềm/DG_nguyennhanAKI.html"""
"D:\Apps_ykhoa\src\content\calculators\index.json","90","""legacyPath"": ""./pages/Công cụ/Thận & Điện giải - toan kiềm/Electrolyte_Studio.html"""
"D:\Apps_ykhoa\src\content\calculators\index.json","99","""legacyPath"": ""./pages/Công cụ/Thận & Điện giải - toan kiềm/renal-function.html"""
"D:\Apps_ykhoa\src\content\calculators\index.json","108","""legacyPath"": ""./pages/Công cụ/Tim mạch & huyết khối/CN_Phân loại & Diễn tiến suy tim - 2026.md"""
"D:\Apps_ykhoa\src\content\calculators\index.json","117","""legacyPath"": ""./pages/Công cụ/Tim mạch & huyết khối/DG_LDLc.html"""
"D:\Apps_ykhoa\src\content\calculators\index.json","126","""legacyPath"": ""./pages/Công cụ/Tim mạch & huyết khối/DG_Suytim.html"""
"D:\Apps_ykhoa\src\content\calculators\index.json","135","""legacyPath"": ""./pages/Công cụ/Tim mạch & huyết khối/DG_VTE.html"""
"D:\Apps_ykhoa\src\content\calculators\index.json","144","""legacyPath"": ""./pages/Công cụ/Tim mạch & huyết khối/Mục tiêu LDL-c.md"""
"D:\Apps_ykhoa\src\content\calculators\index.json","153","""legacyPath"": ""./pages/Công cụ/Tim mạch & huyết khối/ptnctimmach.html"""
"D:\Apps_ykhoa\src\content\calculators\index.json","162","""legacyPath"": ""./pages/Công cụ/Tiêu hóa & Dinh dưỡng/DG_Dinhduongnoitru.html"""
"D:\Apps_ykhoa\src\content\calculators\index.json","171","""legacyPath"": ""./pages/Công cụ/Tiêu hóa & Dinh dưỡng/DG_ptncHCC.html"""
"D:\Apps_ykhoa\src\content\calculators\index.json","180","""legacyPath"": ""./pages/Công cụ/Tiêu hóa & Dinh dưỡng/DG_XHTH.html"""
"D:\Apps_ykhoa\src\content\calculators\index.json","189","""legacyPath"": ""./pages/Công cụ/Tiêu hóa & Dinh dưỡng/DG_Xogan.html"""
"D:\Apps_ykhoa\src\content\calculators\index.json","198","""legacyPath"": ""./pages/Công cụ/Tiêu hóa & Dinh dưỡng/thangdiemHCC.md"""
"D:\Apps_ykhoa\src\content\calculators\index.json","207","""legacyPath"": ""./pages/Công cụ/Truyền Nhiễm/Chinhlieu_khangsinh.html"""
"D:\Apps_ykhoa\src\content\calculators\index.json","216","""legacyPath"": ""./pages/Công cụ/Truyền Nhiễm/Chinhlieu_khangsinh.md"""
"D:\Apps_ykhoa\src\content\calculators\index.json","225","""legacyPath"": ""./pages/Công cụ/Truyền Nhiễm/Chỉnh liều Vancomycin.md"""
"D:\Apps_ykhoa\src\content\calculators\index.json","234","""legacyPath"": ""./pages/Công cụ/Truyền Nhiễm/Dược PK_PD.md"""
"D:\Apps_ykhoa\src\content\calculators\index.json","243","""legacyPath"": ""./pages/Công cụ/Truyền Nhiễm/Microbiology_Studio.html"""
"D:\Apps_ykhoa\src\content\calculators\index.json","252","""legacyPath"": ""./pages/Công cụ/Truyền Nhiễm/QL Vancomycin.md"""
"D:\Apps_ykhoa\src\content\calculators\index.json","261","""legacyPath"": ""./pages/Công cụ/Truyền Nhiễm/QL_Vancomycin.html"""
"D:\Apps_ykhoa\src\content\calculators\index.json","270","""legacyPath"": ""./pages/Công cụ/Truyền Nhiễm/SL_Nhiem-khuan.html"""
"D:\Apps_ykhoa\src\content\calculators\index.json","279","""legacyPath"": ""./pages/Công cụ/Hô hấp & Lao/CXR_Studio.html"""
"D:\Apps_ykhoa\src\content\calculators\index.json","288","""legacyPath"": ""./pages/Công cụ/Hô hấp & Lao/DG_Viem-phoi.html"""
"D:\Apps_ykhoa\src\content\calculators\index.json","297","""legacyPath"": ""./pages/Công cụ/Huyết học/DG_Thieumau.html"""
"D:\Apps_ykhoa\src\content\calculators\index.json","306","""legacyPath"": ""./pages/Công cụ/Huyết học/Lab_Studio.html"""
"D:\Apps_ykhoa\src\content\calculators\index.json","315","""legacyPath"": ""./pages/Công cụ/Nội tiết & Chuyển hóa/DG_Insulin-ĐTĐ.html"""
"D:\Apps_ykhoa\src\content\calculators\index.json","324","""legacyPath"": ""./pages/Công cụ/Thần kinh/DG_Dotquy.html"""
"D:\Apps_ykhoa\src\content\calculators\index.json","333","""legacyPath"": ""./pages/Công cụ/Chung/Bệnh án/benh-an-noi-khoa.html"""
"D:\Apps_ykhoa\src\content\calculators\index.json","342","""legacyPath"": ""./pages/Công cụ/Chung/NCKH/NCKH_Tinhcomau.html"""
"D:\Apps_ykhoa\src\content\calculators\index.json","351","""legacyPath"": ""./pages/Công cụ/Chung/QuyDoi_LieuTuongDuong.html"""
"D:\Apps_ykhoa\src\content\calculators\index.json","360","""legacyPath"": ""./pages/Công cụ/Chung/Tra cứu mã ICD10/Tracuu_maICD10.html"""
"D:\Apps_ykhoa\src\content\calculators\index.json","369","""legacyPath"": ""./pages/Công cụ/cong-cu.html"""
"D:\Apps_ykhoa\src\content\calculators\index.json","378","""legacyPath"": ""./pages/Công cụ/HUONG_DAN_THIET_KE.md"""
"D:\Apps_ykhoa\src\content\ebm\ebm-lab\ebm-lab.css","3","Location: pages/Y học chứng cứ/EBM Lab/ebm-lab.css"
"D:\Apps_ykhoa\src\content\ebm\ebm-lab\ebm-lab.js","3","Location: pages/Y học chứng cứ/EBM Lab/ebm-lab.js"
"D:\Apps_ykhoa\src\content\ebm\ebm-lab\forest-plot.js","3","Location: pages/Y học chứng cứ/EBM Lab/forest-plot.js"
"D:\Apps_ykhoa\src\content\ebm\ebm-lab\funnel-plot.js","3","Location: pages/Y học chứng cứ/EBM Lab/funnel-plot.js"
"D:\Apps_ykhoa\src\content\ebm\ebm-lab\kaplan-meier.js","3","Location: pages/Y học chứng cứ/EBM Lab/kaplan-meier.js"
"D:\Apps_ykhoa\src\content\ebm\ebm-lab\roc-curve.js","3","Location: pages/Y học chứng cứ/EBM Lab/roc-curve.js"
"D:\Apps_ykhoa\src\content\ebm\guidelines\kho-guidelines\index.html","307","<p style=""margin-top:0.3rem;"">Thư mục <code>pages/Y học chứng cứ/Guidelines/Kho Guidelines/</code> · Cập nhật 2026</p>"
"D:\Apps_ykhoa\src\content\ebm\guidelines\guidelinesdata.js","73","{ name: ""Khí máu động mạch (ABG)"", path: ""pages/Công cụ/Thận/DG_ABG.html"" },"
"D:\Apps_ykhoa\src\content\ebm\guidelines\guidelinesdata.js","74","{ name: ""Tính eGFR (CKD-EPI)"", path: ""pages/Công cụ/Thận/CKD_EPI.html"" }"
"D:\Apps_ykhoa\src\content\ebm\guidelines\guidelinesdata.js","77","{ name: ""Lưu đồ Tiếp cận Sốc & Nhiễm khuẩn"", path: ""pages/Tiếp cận/tiep-can.html"" }"
"D:\Apps_ykhoa\src\content\ebm\guidelines\guidelinesdata.js","80","{ name: ""Dược lý Kháng sinh ICU & Liều PK/PD"", path: ""pages/Dược lý/duoc-ly.html"" }"
"D:\Apps_ykhoa\src\content\ebm\guidelines\guidelinesdata.js","205","{ name: ""Tính eGFR (CKD-EPI)"", path: ""pages/Công cụ/Thận/CKD_EPI.html"" }"
"D:\Apps_ykhoa\src\content\ebm\guidelines\guidelinesdata.js","208","{ name: ""Lưu đồ Tiếp cận Đái tháo đường"", path: ""pages/Tiếp cận/tiep-can.html"" }"
"D:\Apps_ykhoa\src\content\ebm\guidelines\guidelinesdata.js","211","{ name: ""Dược lý Nhóm SGLT2i"", path: ""pages/Dược lý/duoc-ly.html"" }"
"D:\Apps_ykhoa\src\content\ebm\guidelines\guidelinesdata.js","315","{ name: ""Thang điểm CAT (COPD)"", path: ""pages/Công cụ/Hô hấp/CAT_COPD.html"" },"
"D:\Apps_ykhoa\src\content\ebm\guidelines\guidelinesdata.js","316","{ name: ""Chỉ số BODE Index"", path: ""pages/Công cụ/Hô hấp/BODE_Index.html"" }"
"D:\Apps_ykhoa\src\content\ebm\guidelines\guidelinesdata.js","319","{ name: ""Lưu đồ Tiếp cận Khó thở mạn"", path: ""pages/Tiếp cận/tiep-can.html"" }"
"D:\Apps_ykhoa\src\content\ebm\guidelines\guidelinesdata.js","322","{ name: ""Phác đồ LAMA + LABA + ICS"", path: ""pages/Dược lý/duoc-ly.html"" }"
"D:\Apps_ykhoa\src\content\ebm\guidelines\guidelinesdata.js","432","{ name: ""Tính eGFR (CKD-EPI)"", path: ""pages/Công cụ/Thận/CKD_EPI.html"" }"
"D:\Apps_ykhoa\src\content\ebm\guidelines\guidelinesdata.js","435","{ name: ""Lưu đồ Tiếp cận Suy tim"", path: ""pages/Tiếp cận/tiep-can.html"" }"
"D:\Apps_ykhoa\src\content\ebm\guidelines\guidelinesdata.js","438","{ name: ""Dược lý Thuốc Tim mạch & Suy tim"", path: ""pages/Dược lý/duoc-ly.html"" }"
"D:\Apps_ykhoa\src\content\ebm\guidelines\guidelinesdata.js","521","{ name: ""Tính eGFR (CKD-EPI)"", path: ""pages/Công cụ/Thận/CKD_EPI.html"" }"
"D:\Apps_ykhoa\src\content\ebm\guidelines\guidelinesdata.js","524","{ name: ""Lưu đồ Tiếp cận Đái tháo đường"", path: ""pages/Tiếp cận/tiep-can.html"" }"
"D:\Apps_ykhoa\src\content\ebm\guidelines\guidelinesdata.js","527","{ name: ""Dược lý Thuốc Đái tháo đường"", path: ""pages/Dược lý/duoc-ly.html"" }"
"D:\Apps_ykhoa\src\content\ebm\guidelines\operations.md","11","pages/Y học chứng cứ/Guidelines/"
"D:\Apps_ykhoa\src\content\ebm\guidelines\readme.md","119","pages/Y học chứng cứ/"
"D:\Apps_ykhoa\src\content\ebm\js\ebm-format-loader.js","3","Location: pages/Y học chứng cứ/js/ebm-format-loader.js"
"D:\Apps_ykhoa\src\content\ebm\medical-statistics\quiz.js","3","Location: pages/Y học chứng cứ/Thống kê y học/quiz.js"
"D:\Apps_ykhoa\src\content\ebm\medical-statistics\text-style.css","3","Location: pages/Y học chứng cứ/Thống kê y học/text-style.css"
"D:\Apps_ykhoa\src\content\ebm\index.json","8","""legacyPath"": ""./pages/Y học chứng cứ/EBM Lab/ebm-lab.html"""
"D:\Apps_ykhoa\src\content\ebm\index.json","16","""legacyPath"": ""./pages/Y học chứng cứ/EBM Lab/forest-plot.html"""
"D:\Apps_ykhoa\src\content\ebm\index.json","24","""legacyPath"": ""./pages/Y học chứng cứ/EBM Lab/funnel-plot.html"""
"D:\Apps_ykhoa\src\content\ebm\index.json","32","""legacyPath"": ""./pages/Y học chứng cứ/EBM Lab/kaplan-meier.html"""
"D:\Apps_ykhoa\src\content\ebm\index.json","40","""legacyPath"": ""./pages/Y học chứng cứ/EBM Lab/roc-curve.html"""
"D:\Apps_ykhoa\src\content\ebm\index.json","48","""legacyPath"": ""./pages/Y học chứng cứ/Guideline Radar/radar.html"""
"D:\Apps_ykhoa\src\content\ebm\index.json","56","""legacyPath"": ""./pages/Y học chứng cứ/Guidelines/content/empa_reg_summary.md"""
"D:\Apps_ykhoa\src\content\ebm\index.json","64","""legacyPath"": ""./pages/Y học chứng cứ/Guidelines/Guidelines.html"""
"D:\Apps_ykhoa\src\content\ebm\index.json","72","""legacyPath"": ""./pages/Y học chứng cứ/Guidelines/Kho Guidelines/apasl-vgsvb-2026.html"""
"D:\Apps_ykhoa\src\content\ebm\index.json","80","""legacyPath"": ""./pages/Y học chứng cứ/Guidelines/Kho Guidelines/byt-copd-2026.html"""
"D:\Apps_ykhoa\src\content\ebm\index.json","88","""legacyPath"": ""./pages/Y học chứng cứ/Guidelines/Kho Guidelines/empa-reg.html"""
"D:\Apps_ykhoa\src\content\ebm\index.json","96","""legacyPath"": ""./pages/Y học chứng cứ/Guidelines/Kho Guidelines/index.html"""
"D:\Apps_ykhoa\src\content\ebm\index.json","104","""legacyPath"": ""./pages/Y học chứng cứ/Guidelines/Kho Guidelines/ks-cho-bn-nang.html"""
"D:\Apps_ykhoa\src\content\ebm\index.json","112","""legacyPath"": ""./pages/Y học chứng cứ/Guidelines/Kho Guidelines/phac-do-soc-nhiem-khuan-sepsis3.md"""
"D:\Apps_ykhoa\src\content\ebm\index.json","120","""legacyPath"": ""./pages/Y học chứng cứ/Guidelines/OPERATIONS.md"""
"D:\Apps_ykhoa\src\content\ebm\index.json","128","""legacyPath"": ""./pages/Y học chứng cứ/Thống kê y học/10_Propensity_Score_Matching.html"""
"D:\Apps_ykhoa\src\content\ebm\index.json","136","""legacyPath"": ""./pages/Y học chứng cứ/Thống kê y học/11_Mo_hinh_Du_doan_Machine_Learning.html"""
"D:\Apps_ykhoa\src\content\ebm\index.json","144","""legacyPath"": ""./pages/Y học chứng cứ/Thống kê y học/12_Xu_ly_Du_lieu_Khuyet.html"""
"D:\Apps_ykhoa\src\content\ebm\index.json","152","""legacyPath"": ""./pages/Y học chứng cứ/Thống kê y học/1_Ynghia_Thongke&Lamsang.html"""
"D:\Apps_ykhoa\src\content\ebm\index.json","160","""legacyPath"": ""./pages/Y học chứng cứ/Thống kê y học/2_DG_Congcu_Chandoan.html"""
"D:\Apps_ykhoa\src\content\ebm\index.json","168","""legacyPath"": ""./pages/Y học chứng cứ/Thống kê y học/3_Thietke_NCKH.html"""
"D:\Apps_ykhoa\src\content\ebm\index.json","176","""legacyPath"": ""./pages/Y học chứng cứ/Thống kê y học/4_PhantichNC_rct&meta-analysis.html"""
"D:\Apps_ykhoa\src\content\ebm\index.json","184","""legacyPath"": ""./pages/Y học chứng cứ/Thống kê y học/5_ANOVA_Phan_tich_Phuong_sai.html"""
"D:\Apps_ykhoa\src\content\ebm\index.json","192","""legacyPath"": ""./pages/Y học chứng cứ/Thống kê y học/6_Hoi_quy_Logistic_Da_thuc.html"""
"D:\Apps_ykhoa\src\content\ebm\index.json","200","""legacyPath"": ""./pages/Y học chứng cứ/Thống kê y học/7_Hoi_quy_Bayes.html"""
"D:\Apps_ykhoa\src\content\ebm\index.json","208","""legacyPath"": ""./pages/Y học chứng cứ/Thống kê y học/8_Phan_bien_Nghien_cuu.html"""
"D:\Apps_ykhoa\src\content\ebm\index.json","216","""legacyPath"": ""./pages/Y học chứng cứ/Thống kê y học/9_Phan_tich_Sinh_ton.html"""
"D:\Apps_ykhoa\src\content\ebm\index.json","224","""legacyPath"": ""./pages/Y học chứng cứ/Thống kê y học/content/01_p_value_and_nnt.md"""
"D:\Apps_ykhoa\src\content\ebm\index.json","232","""legacyPath"": ""./pages/Y học chứng cứ/Thống kê y học/quiz.html"""
"D:\Apps_ykhoa\src\content\ebm\index.json","240","""legacyPath"": ""./pages/Y học chứng cứ/Thống kê y học/Thongkeyhoc.html"""
"D:\Apps_ykhoa\src\content\ebm\index.json","248","""legacyPath"": ""./pages/Y học chứng cứ/yhcc.html"""
"D:\Apps_ykhoa\src\content\pathophysiology\physiology\huong-dan-thiet-ke.md","3","Tài liệu này hướng dẫn chi tiết cách tạo và cấu trúc các tệp HTML bài viết sinh lý học tiếp theo trong thư mục `pages/Sinh lý - Sinh lý bệnh/Sinhly/` nhằm đảm bảo tính đồng bộ về thẩm mỹ, hiệu năng hoạt động offline (`file:///`) và tính chính xác của các tương tác động (như mục lục TOC tự động)."
"D:\Apps_ykhoa\src\content\pathophysiology\physiology\huong-dan-thiet-ke.md","8","Do các bài viết nằm ở cấp thư mục thứ 4 (`pages/Sinh lý - Sinh lý bệnh/Sinhly/PhanX/`), toàn bộ tài nguyên dùng chung phải được liên kết bằng đường dẫn tương đối chính xác:"
"D:\Apps_ykhoa\src\content\pathophysiology\index.json","8","""legacyPath"": ""./pages/Sinh lý - Sinh lý bệnh/content/sinhly/phan1/SL_TB_Diensinhly.md"""
"D:\Apps_ykhoa\src\content\pathophysiology\index.json","16","""legacyPath"": ""./pages/Sinh lý - Sinh lý bệnh/content/slb_ccbs/SLB_CCBS_ACS.md"""
"D:\Apps_ykhoa\src\content\pathophysiology\index.json","24","""legacyPath"": ""./pages/Sinh lý - Sinh lý bệnh/formula-vault.html"""
"D:\Apps_ykhoa\src\content\pathophysiology\index.json","32","""legacyPath"": ""./pages/Sinh lý - Sinh lý bệnh/reader.html"""
"D:\Apps_ykhoa\src\content\pathophysiology\index.json","40","""legacyPath"": ""./pages/Sinh lý - Sinh lý bệnh/Sinhly/Note sinh lý.md"""
"D:\Apps_ykhoa\src\content\pathophysiology\index.json","48","""legacyPath"": ""./pages/Sinh lý - Sinh lý bệnh/Sinhly/Phan1/SL_TB_Daicuong&TB.html"""
"D:\Apps_ykhoa\src\content\pathophysiology\index.json","56","""legacyPath"": ""./pages/Sinh lý - Sinh lý bệnh/Sinhly/Phan1/SL_TB_Diensinhly.html"""
"D:\Apps_ykhoa\src\content\pathophysiology\index.json","64","""legacyPath"": ""./pages/Sinh lý - Sinh lý bệnh/Sinhly/Phan1/SL_TB_Mangtebao.html"""
"D:\Apps_ykhoa\src\content\pathophysiology\index.json","72","""legacyPath"": ""./pages/Sinh lý - Sinh lý bệnh/Sinhly/Phan2/SL_Cotron&Cotim.html"""
"D:\Apps_ykhoa\src\content\pathophysiology\index.json","80","""legacyPath"": ""./pages/Sinh lý - Sinh lý bệnh/Sinhly/Phan2/SL_Coxuong.html"""
"D:\Apps_ykhoa\src\content\pathophysiology\index.json","88","""legacyPath"": ""./pages/Sinh lý - Sinh lý bệnh/Sinhly/Phan2/SL_Giacquan.html"""
"D:\Apps_ykhoa\src\content\pathophysiology\index.json","96","""legacyPath"": ""./pages/Sinh lý - Sinh lý bệnh/Sinhly/Phan2/SL_Synapse.html"""
"D:\Apps_ykhoa\src\content\pathophysiology\index.json","104","""legacyPath"": ""./pages/Sinh lý - Sinh lý bệnh/Sinhly/Phan2/SL_Thankinh-tuchu.html"""
"D:\Apps_ykhoa\src\content\pathophysiology\index.json","112","""legacyPath"": ""./pages/Sinh lý - Sinh lý bệnh/Sinhly/Phan2/SL_Thannao&Tieunao&Hangnen.html"""
"D:\Apps_ykhoa\src\content\pathophysiology\index.json","120","""legacyPath"": ""./pages/Sinh lý - Sinh lý bệnh/Sinhly/Phan2/SL_Tuygai.html"""
"D:\Apps_ykhoa\src\content\pathophysiology\index.json","128","""legacyPath"": ""./pages/Sinh lý - Sinh lý bệnh/Sinhly/Phan2/SL_Vonao&ChucnangTKcaocap.html"""
"D:\Apps_ykhoa\src\content\pathophysiology\index.json","136","""legacyPath"": ""./pages/Sinh lý - Sinh lý bệnh/Sinhly/Phan3/SL_Bachcau_Mien dich.html"""
"D:\Apps_ykhoa\src\content\pathophysiology\index.json","144","""legacyPath"": ""./pages/Sinh lý - Sinh lý bệnh/Sinhly/Phan3/SL_HeMau&Huyethoc.html"""
"D:\Apps_ykhoa\src\content\pathophysiology\index.json","152","""legacyPath"": ""./pages/Sinh lý - Sinh lý bệnh/Sinhly/Phan3/SL_Hongcau.html"""
"D:\Apps_ykhoa\src\content\pathophysiology\index.json","160","""legacyPath"": ""./pages/Sinh lý - Sinh lý bệnh/Sinhly/Phan3/SL_Nhommau&Truyenmau.html"""
"D:\Apps_ykhoa\src\content\pathophysiology\index.json","168","""legacyPath"": ""./pages/Sinh lý - Sinh lý bệnh/Sinhly/Phan3/SL_Tieucaucammau.html"""
"D:\Apps_ykhoa\src\content\pathophysiology\index.json","176","""legacyPath"": ""./pages/Sinh lý - Sinh lý bệnh/Sinhly/Phan4/SL_Cktim&Cungluongtim.html"""
"D:\Apps_ykhoa\src\content\pathophysiology\index.json","184","""legacyPath"": ""./pages/Sinh lý - Sinh lý bệnh/Sinhly/Phan4/SL_CoHohap&Thongkhi.html"""
"D:\Apps_ykhoa\src\content\pathophysiology\index.json","192","""legacyPath"": ""./pages/Sinh lý - Sinh lý bệnh/Sinhly/Phan4/SL_CoTim&HoatdongDien.html"""
"D:\Apps_ykhoa\src\content\pathophysiology\index.json","200","""legacyPath"": ""./pages/Sinh lý - Sinh lý bệnh/Sinhly/Phan4/SL_HeMach&DieuhoaHA.html"""
"D:\Apps_ykhoa\src\content\pathophysiology\index.json","208","""legacyPath"": ""./pages/Sinh lý - Sinh lý bệnh/Sinhly/Phan4/SL_Traodoikhi.html"""
"D:\Apps_ykhoa\src\content\pathophysiology\index.json","216","""legacyPath"": ""./pages/Sinh lý - Sinh lý bệnh/Sinhly/Phan4/SL_Vanchuyen&DieuhoaHH.html"""
"D:\Apps_ykhoa\src\content\pathophysiology\index.json","224","""legacyPath"": ""./pages/Sinh lý - Sinh lý bệnh/Sinhly/Phan5/SL_ChuyenhoaNL&Dieuhoanhiet.html"""
"D:\Apps_ykhoa\src\content\pathophysiology\index.json","232","""legacyPath"": ""./pages/Sinh lý - Sinh lý bệnh/Sinhly/Phan5/SL_TH_Daday.html"""
"D:\Apps_ykhoa\src\content\pathophysiology\index.json","240","""legacyPath"": ""./pages/Sinh lý - Sinh lý bệnh/Sinhly/Phan5/SL_TH_GanTuy.html"""
"D:\Apps_ykhoa\src\content\pathophysiology\index.json","248","""legacyPath"": ""./pages/Sinh lý - Sinh lý bệnh/Sinhly/Phan5/SL_TH_Mieng&TQ.html"""
"D:\Apps_ykhoa\src\content\pathophysiology\index.json","256","""legacyPath"": ""./pages/Sinh lý - Sinh lý bệnh/Sinhly/Phan5/SL_TH_Ruotgia.html"""
"D:\Apps_ykhoa\src\content\pathophysiology\index.json","264","""legacyPath"": ""./pages/Sinh lý - Sinh lý bệnh/Sinhly/Phan5/SL_TH_Ruotnon.html"""
"D:\Apps_ykhoa\src\content\pathophysiology\index.json","272","""legacyPath"": ""./pages/Sinh lý - Sinh lý bệnh/Sinhly/Phan6/SL_Than_Cauthan.html"""
"D:\Apps_ykhoa\src\content\pathophysiology\index.json","280","""legacyPath"": ""./pages/Sinh lý - Sinh lý bệnh/Sinhly/Phan6/SL_Than_Ongthan.html"""
"D:\Apps_ykhoa\src\content\pathophysiology\index.json","288","""legacyPath"": ""./pages/Sinh lý - Sinh lý bệnh/Sinhly/Phan6/SL_Than_Phaloang&Dieuhoadich.html"""
"D:\Apps_ykhoa\src\content\pathophysiology\index.json","296","""legacyPath"": ""./pages/Sinh lý - Sinh lý bệnh/Sinhly/Phan6/SL_Than_Toankiem.html"""
"D:\Apps_ykhoa\src\content\pathophysiology\index.json","304","""legacyPath"": ""./pages/Sinh lý - Sinh lý bệnh/Sinhly/Phan7/SL_NT_GH.html"""
"D:\Apps_ykhoa\src\content\pathophysiology\index.json","312","""legacyPath"": ""./pages/Sinh lý - Sinh lý bệnh/Sinhly/Phan7/SL_NT_Tongquat.html"""
"D:\Apps_ykhoa\src\content\pathophysiology\index.json","320","""legacyPath"": ""./pages/Sinh lý - Sinh lý bệnh/Sinhly/Phan7/SL_NT_Tuyengiap.html"""
"D:\Apps_ykhoa\src\content\pathophysiology\index.json","328","""legacyPath"": ""./pages/Sinh lý - Sinh lý bệnh/Sinhly/Phan7/SL_NT_Tuyentuy.html"""
"D:\Apps_ykhoa\src\content\pathophysiology\index.json","336","""legacyPath"": ""./pages/Sinh lý - Sinh lý bệnh/Sinhly/Phan7/SL_NT_VoThuongthan.html"""
"D:\Apps_ykhoa\src\content\pathophysiology\index.json","344","""legacyPath"": ""./pages/Sinh lý - Sinh lý bệnh/Sinhly/Phan7/SL_SS_Sinhsan.html"""
"D:\Apps_ykhoa\src\content\pathophysiology\index.json","352","""legacyPath"": ""./pages/Sinh lý - Sinh lý bệnh/Sinhly-sinhlybenh.html"""
"D:\Apps_ykhoa\src\content\pathophysiology\index.json","360","""legacyPath"": ""./pages/Sinh lý - Sinh lý bệnh/SLB_CCBS/SLB_CCBS_ACS.html"""
"D:\Apps_ykhoa\src\content\pathophysiology\index.json","368","""legacyPath"": ""./pages/Sinh lý - Sinh lý bệnh/SLB_CCBS/SLB_CCBS_AKI.html"""
"D:\Apps_ykhoa\src\content\pathophysiology\index.json","376","""legacyPath"": ""./pages/Sinh lý - Sinh lý bệnh/SLB_CCBS/SLB_CCBS_CCS.html"""
"D:\Apps_ykhoa\src\content\pathophysiology\index.json","384","""legacyPath"": ""./pages/Sinh lý - Sinh lý bệnh/SLB_CCBS/SLB_CCBS_CKD.html"""
"D:\Apps_ykhoa\src\content\pathophysiology\index.json","392","""legacyPath"": ""./pages/Sinh lý - Sinh lý bệnh/SLB_CCBS/SLB_CCBS_COPD.html"""
"D:\Apps_ykhoa\src\content\pathophysiology\index.json","400","""legacyPath"": ""./pages/Sinh lý - Sinh lý bệnh/SLB_CCBS/SLB_CCBS_DTD.html"""
"D:\Apps_ykhoa\src\content\pathophysiology\index.json","408","""legacyPath"": ""./pages/Sinh lý - Sinh lý bệnh/SLB_CCBS/SLB_CCBS_GERD.html"""
"D:\Apps_ykhoa\src\content\pathophysiology\index.json","416","""legacyPath"": ""./pages/Sinh lý - Sinh lý bệnh/SLB_CCBS/SLB_CCBS_ST.html"""
"D:\Apps_ykhoa\src\content\pathophysiology\index.json","424","""legacyPath"": ""./pages/Sinh lý - Sinh lý bệnh/SLB_CCBS/SLB_CCBS_SXHD.html"""
"D:\Apps_ykhoa\src\content\pathophysiology\index.json","432","""legacyPath"": ""./pages/Sinh lý - Sinh lý bệnh/SLB_CCBS/SLB_CCBS_THA.html"""
"D:\Apps_ykhoa\src\content\pathophysiology\index.json","440","""legacyPath"": ""./pages/Sinh lý - Sinh lý bệnh/SLB_CCBS/SLB_CCBS_TSG.html"""
"D:\Apps_ykhoa\src\content\pathophysiology\index.json","448","""legacyPath"": ""./pages/Sinh lý - Sinh lý bệnh/SLB_CCBS/SLB_CCBS_VP.html"""
"D:\Apps_ykhoa\src\content\pathophysiology\index.json","456","""legacyPath"": ""./pages/Sinh lý - Sinh lý bệnh/SLB_CCBS/SLB_CCBS_VTC.html"""
"D:\Apps_ykhoa\src\content\pathophysiology\index.json","464","""legacyPath"": ""./pages/Sinh lý - Sinh lý bệnh/SLB_CCBS/SLB_CCBS_XG.html"""
"D:\Apps_ykhoa\src\content\pathophysiology\readme.md","54","<!-- Dành cho tệp tin ở cấp 4 (ví dụ: pages/Sinh lý - Sinh lý bệnh/Sinhly/PhanX/file.html) -->"
"D:\Apps_ykhoa\src\content\pharmacology\index.json","8","""legacyPath"": ""./pages/Dược lý/Chuyên khoa/DL_Hohap.html"""
"D:\Apps_ykhoa\src\content\pharmacology\index.json","16","""legacyPath"": ""./pages/Dược lý/Chuyên khoa/DL_Khangsinh.html"""
"D:\Apps_ykhoa\src\content\pharmacology\index.json","24","""legacyPath"": ""./pages/Dược lý/Chuyên khoa/DL_Timmach.html"""
"D:\Apps_ykhoa\src\content\pharmacology\index.json","32","""legacyPath"": ""./pages/Dược lý/Chuyên khoa/DL_Tiêuhoá.html"""
"D:\Apps_ykhoa\src\content\pharmacology\index.json","40","""legacyPath"": ""./pages/Dược lý/Chuyên khoa/DL_Ttoan_than.html"""
"D:\Apps_ykhoa\src\content\pharmacology\index.json","48","""legacyPath"": ""./pages/Dược lý/Chuyên khoa/DL_Vanmach.html"""
"D:\Apps_ykhoa\src\content\pharmacology\index.json","56","""legacyPath"": ""./pages/Dược lý/Công cụ/Dose_Optimizer.html"""
"D:\Apps_ykhoa\src\content\pharmacology\index.json","64","""legacyPath"": ""./pages/Dược lý/Công cụ/PK_Simulator.html"""
"D:\Apps_ykhoa\src\content\pharmacology\index.json","72","""legacyPath"": ""./pages/Dược lý/duoc-ly.html"""
"D:\Apps_ykhoa\src\content\pharmacology\index.json","80","""legacyPath"": ""./pages/Dược lý/monographs/amoxicillin_clavulanate.md"""
"D:\Apps_ykhoa\src\content\pharmacology\index.json","88","""legacyPath"": ""./pages/Dược lý/monographs/metoprolol_succinate.md"""
"D:\Apps_ykhoa\src\content\pharmacology\index.json","96","""legacyPath"": ""./pages/Dược lý/Triệu chứng/DL_Chongmat.html"""
"D:\Apps_ykhoa\src\content\pharmacology\index.json","104","""legacyPath"": ""./pages/Dược lý/Triệu chứng/DL_Daubungcap.html"""
"D:\Apps_ykhoa\src\content\pharmacology\index.json","112","""legacyPath"": ""./pages/Dược lý/Triệu chứng/DL_Daudau.html"""
"D:\Apps_ykhoa\src\content\pharmacology\index.json","120","""legacyPath"": ""./pages/Dược lý/Triệu chứng/DL_Ho.html"""
"D:\Apps_ykhoa\src\content\pharmacology\index.json","128","""legacyPath"": ""./pages/Dược lý/Triệu chứng/DL_Nonoi.html"""
"D:\Apps_ykhoa\src\content\pharmacology\index.json","136","""legacyPath"": ""./pages/Dược lý/Tình huống/Scenario_Simulator.html"""
"D:\Apps_ykhoa\src\content\pharmacology\readme.md","16","*   **Thư mục định hướng**: `pages/Dược lý/Chuyên khoa/`"
"D:\Apps_ykhoa\src\content\pharmacology\readme.md","23","*   **Thư mục định hướng**: `pages/Dược lý/Triệu chứng/`"
"D:\Apps_ykhoa\src\content\skills\benh-an\kn-benhan-noikhoa.html","64","<clini-breadcrumb items='[{""label"": ""🏠 Home"", ""url"": ""../../../index.html""}, {""label"": ""Kỹ năng lâm sàng"", ""url"": ""../../../pages/Kỹ năng/ky-nang.html""}, {""label"": ""Bệnh án Nội khoa""}]'></clini-breadcrumb>"
"D:\Apps_ykhoa\src\content\skills\treatment-management\lyluan-dieutrinoikhoa.html","63","<clini-breadcrumb items='[{""label"": ""🏠 Home"", ""url"": ""../../../index.html""}, {""label"": ""Kỹ năng lâm sàng"", ""url"": ""../../../pages/Kỹ năng/ky-nang.html""}, {""label"": ""Lý luận điều trị""}]'></clini-breadcrumb>"
"D:\Apps_ykhoa\src\content\skills\index.json","8","""legacyPath"": ""./pages/Kỹ năng/Bệnh nhân ảo/Benh_Nhan_Ao_Hub.html"""
"D:\Apps_ykhoa\src\content\skills\index.json","16","""legacyPath"": ""./pages/Kỹ năng/Bệnh nhân ảo/Case_DauNguc_Cap.html"""
"D:\Apps_ykhoa\src\content\skills\index.json","24","""legacyPath"": ""./pages/Kỹ năng/Bệnh án/KN_Benhan_Noikhoa.html"""
"D:\Apps_ykhoa\src\content\skills\index.json","32","""legacyPath"": ""./pages/Kỹ năng/Cận lâm sàng/doc-dien-giai-do.html"""
"D:\Apps_ykhoa\src\content\skills\index.json","40","""legacyPath"": ""./pages/Kỹ năng/Cận lâm sàng/doc-dong-mau.html"""
"D:\Apps_ykhoa\src\content\skills\index.json","48","""legacyPath"": ""./pages/Kỹ năng/Cận lâm sàng/doc-ecg-co-ban.html"""
"D:\Apps_ykhoa\src\content\skills\index.json","56","""legacyPath"": ""./pages/Kỹ năng/Cận lâm sàng/doc-ecg-nang-cao.html"""
"D:\Apps_ykhoa\src\content\skills\index.json","64","""legacyPath"": ""./pages/Kỹ năng/Cận lâm sàng/doc-ecg-toan-dien.html"""
"D:\Apps_ykhoa\src\content\skills\index.json","72","""legacyPath"": ""./pages/Kỹ năng/Cận lâm sàng/doc-nhuom-soi.html"""
"D:\Apps_ykhoa\src\content\skills\index.json","80","""legacyPath"": ""./pages/Kỹ năng/Cận lâm sàng/doc-sh-gan.html"""
"D:\Apps_ykhoa\src\content\skills\index.json","88","""legacyPath"": ""./pages/Kỹ năng/Cận lâm sàng/doc-sh-than.html"""
"D:\Apps_ykhoa\src\content\skills\index.json","96","""legacyPath"": ""./pages/Kỹ năng/Cận lâm sàng/doc-tpttb-mau.html"""
"D:\Apps_ykhoa\src\content\skills\index.json","104","""legacyPath"": ""./pages/Kỹ năng/Cận lâm sàng/doc-xq-bung.html"""
"D:\Apps_ykhoa\src\content\skills\index.json","112","""legacyPath"": ""./pages/Kỹ năng/Cận lâm sàng/doc-xq-nguc.html"""
"D:\Apps_ykhoa\src\content\skills\index.json","120","""legacyPath"": ""./pages/Kỹ năng/Cận lâm sàng/Doc_KQCLS.html"""
"D:\Apps_ykhoa\src\content\skills\index.json","128","""legacyPath"": ""./pages/Kỹ năng/Cận lâm sàng/ECG_Interactive.html"""
"D:\Apps_ykhoa\src\content\skills\index.json","136","""legacyPath"": ""./pages/Kỹ năng/data/procedures/cvc-placement.md"""
"D:\Apps_ykhoa\src\content\skills\index.json","144","""legacyPath"": ""./pages/Kỹ năng/Hồi sức cấp cứu/KN_Hoisinh_Timphoi.html"""
"D:\Apps_ykhoa\src\content\skills\index.json","152","""legacyPath"": ""./pages/Kỹ năng/Hồi sức cấp cứu/KN_Hoisuc_Huyetdong.html"""
"D:\Apps_ykhoa\src\content\skills\index.json","160","""legacyPath"": ""./pages/Kỹ năng/Hồi sức cấp cứu/KN_Kiemsoat_Duongtho.html"""
"D:\Apps_ykhoa\src\content\skills\index.json","168","""legacyPath"": ""./pages/Kỹ năng/Hồi sức cấp cứu/KN_PhanVe.html"""
"D:\Apps_ykhoa\src\content\skills\index.json","176","""legacyPath"": ""./pages/Kỹ năng/Hồi sức cấp cứu/KN_Sieuam_Capcuu.html"""
"D:\Apps_ykhoa\src\content\skills\index.json","184","""legacyPath"": ""./pages/Kỹ năng/Hồi sức cấp cứu/KN_Triage.html"""
"D:\Apps_ykhoa\src\content\skills\index.json","192","""legacyPath"": ""./pages/Kỹ năng/Hồi sức cấp cứu/KN_Xutri_Ngodoc.html"""
"D:\Apps_ykhoa\src\content\skills\index.json","200","""legacyPath"": ""./pages/Kỹ năng/ky-nang.html"""
"D:\Apps_ykhoa\src\content\skills\index.json","208","""legacyPath"": ""./pages/Kỹ năng/Kynang_DataFormats_Demo.html"""
"D:\Apps_ykhoa\src\content\skills\index.json","216","""legacyPath"": ""./pages/Kỹ năng/Lâm sàng/Khám cơ xương khớp/KN_CoXuongKhop.html"""
"D:\Apps_ykhoa\src\content\skills\index.json","224","""legacyPath"": ""./pages/Kỹ năng/Lâm sàng/Khám cơ xương khớp/KN_Khám cơ xương khớp.md"""
"D:\Apps_ykhoa\src\content\skills\index.json","232","""legacyPath"": ""./pages/Kỹ năng/Lâm sàng/Khám da tóc móng/KN_DaTocMong.html"""
"D:\Apps_ykhoa\src\content\skills\index.json","240","""legacyPath"": ""./pages/Kỹ năng/Lâm sàng/Khám da tóc móng/KN_Khám da tóc móng.md"""
"D:\Apps_ykhoa\src\content\skills\index.json","248","""legacyPath"": ""./pages/Kỹ năng/Lâm sàng/Khám hô hấp/KN_Hohap.html"""
"D:\Apps_ykhoa\src\content\skills\index.json","256","""legacyPath"": ""./pages/Kỹ năng/Lâm sàng/Khám hô hấp/KN_Khám hô hấp.md"""
"D:\Apps_ykhoa\src\content\skills\index.json","264","""legacyPath"": ""./pages/Kỹ năng/Lâm sàng/Khám nội tiết/KN_KhamDaiThaoDuong.html"""
"D:\Apps_ykhoa\src\content\skills\index.json","272","""legacyPath"": ""./pages/Kỹ năng/Lâm sàng/Khám nội tiết/KN_KhamTuyenGiap.html"""
"D:\Apps_ykhoa\src\content\skills\index.json","280","""legacyPath"": ""./pages/Kỹ năng/Lâm sàng/Khám nội tiết/KN_KhamTuyenThuongThan.html"""
"D:\Apps_ykhoa\src\content\skills\index.json","288","""legacyPath"": ""./pages/Kỹ năng/Lâm sàng/Khám nội tiết/KN_KhamTuyenYen.html"""
"D:\Apps_ykhoa\src\content\skills\index.json","296","""legacyPath"": ""./pages/Kỹ năng/Lâm sàng/Khám nội tiết/KN_Khám nội tiết.md"""
"D:\Apps_ykhoa\src\content\skills\index.json","304","""legacyPath"": ""./pages/Kỹ năng/Lâm sàng/Khám nội tiết/KN_Noitiet.html"""
"D:\Apps_ykhoa\src\content\skills\index.json","312","""legacyPath"": ""./pages/Kỹ năng/Lâm sàng/Khám sinh dục/KN_KhamSinhDucNam.html"""
"D:\Apps_ykhoa\src\content\skills\index.json","320","""legacyPath"": ""./pages/Kỹ năng/Lâm sàng/Khám sinh dục/KN_KhamThaiDinhKy.html"""
"D:\Apps_ykhoa\src\content\skills\index.json","328","""legacyPath"": ""./pages/Kỹ năng/Lâm sàng/Khám sinh dục/KN_KhamThaiLanDau.html"""
"D:\Apps_ykhoa\src\content\skills\index.json","336","""legacyPath"": ""./pages/Kỹ năng/Lâm sàng/Khám sinh dục/KN_KhamVu.html"""
"D:\Apps_ykhoa\src\content\skills\index.json","344","""legacyPath"": ""./pages/Kỹ năng/Lâm sàng/Khám sinh dục/KN_Khám sinh dục.md"""
"D:\Apps_ykhoa\src\content\skills\index.json","352","""legacyPath"": ""./pages/Kỹ năng/Lâm sàng/Khám sinh dục/KN_Sinhduc.html"""
"D:\Apps_ykhoa\src\content\skills\index.json","360","""legacyPath"": ""./pages/Kỹ năng/Lâm sàng/Khám tai mũi họng/KN_KhamHongCo.html"""
"D:\Apps_ykhoa\src\content\skills\index.json","368","""legacyPath"": ""./pages/Kỹ năng/Lâm sàng/Khám tai mũi họng/KN_KhamMuiXoang.html"""
"D:\Apps_ykhoa\src\content\skills\index.json","376","""legacyPath"": ""./pages/Kỹ năng/Lâm sàng/Khám tai mũi họng/KN_KhamTai.html"""
"D:\Apps_ykhoa\src\content\skills\index.json","384","""legacyPath"": ""./pages/Kỹ năng/Lâm sàng/Khám tai mũi họng/KN_Khám tai-mũi-hong.md"""
"D:\Apps_ykhoa\src\content\skills\index.json","392","""legacyPath"": ""./pages/Kỹ năng/Lâm sàng/Khám tai mũi họng/KN_TaiMuiHong.html"""
"D:\Apps_ykhoa\src\content\skills\index.json","400","""legacyPath"": ""./pages/Kỹ năng/Lâm sàng/Khám thần kinh/KN_Khám thần kinh.md"""
"D:\Apps_ykhoa\src\content\skills\index.json","408","""legacyPath"": ""./pages/Kỹ năng/Lâm sàng/Khám thần kinh/KN_Thankinh.html"""
"D:\Apps_ykhoa\src\content\skills\index.json","416","""legacyPath"": ""./pages/Kỹ năng/Lâm sàng/Khám thận - tiết niệu/KN_Khám thận niệu.md"""
"D:\Apps_ykhoa\src\content\skills\index.json","424","""legacyPath"": ""./pages/Kỹ năng/Lâm sàng/Khám thận - tiết niệu/KN_ThanTietnieu.html"""
"D:\Apps_ykhoa\src\content\skills\index.json","432","""legacyPath"": ""./pages/Kỹ năng/Lâm sàng/Khám thị giác/KN_Khám thị giác.md"""
"D:\Apps_ykhoa\src\content\skills\index.json","440","""legacyPath"": ""./pages/Kỹ năng/Lâm sàng/Khám thị giác/KN_ThiGiac.html"""
"D:\Apps_ykhoa\src\content\skills\index.json","448","""legacyPath"": ""./pages/Kỹ năng/Lâm sàng/Khám tim mạch/KN_KhamDMngoaibien.html"""
"D:\Apps_ykhoa\src\content\skills\index.json","456","""legacyPath"": ""./pages/Kỹ năng/Lâm sàng/Khám tim mạch/KN_Khamtim.html"""
"D:\Apps_ykhoa\src\content\skills\index.json","464","""legacyPath"": ""./pages/Kỹ năng/Lâm sàng/Khám tim mạch/KN_KhamTMngoaibien.html"""
"D:\Apps_ykhoa\src\content\skills\index.json","472","""legacyPath"": ""./pages/Kỹ năng/Lâm sàng/Khám tim mạch/KN_Khám tim.md"""
"D:\Apps_ykhoa\src\content\skills\index.json","480","""legacyPath"": ""./pages/Kỹ năng/Lâm sàng/Khám tim mạch/KN_Khám TM ngoại biên.md"""
"D:\Apps_ykhoa\src\content\skills\index.json","488","""legacyPath"": ""./pages/Kỹ năng/Lâm sàng/Khám tim mạch/KN_Khám ĐM ngoại biên.md"""
"D:\Apps_ykhoa\src\content\skills\index.json","496","""legacyPath"": ""./pages/Kỹ năng/Lâm sàng/Khám tim mạch/KN_Timmach.html"""
"D:\Apps_ykhoa\src\content\skills\index.json","504","""legacyPath"": ""./pages/Kỹ năng/Lâm sàng/Khám tiêu hóa/KN_Khám tiêu hóa.md"""
"D:\Apps_ykhoa\src\content\skills\index.json","512","""legacyPath"": ""./pages/Kỹ năng/Lâm sàng/Khám tiêu hóa/KN_Tieuhoa.html"""
"D:\Apps_ykhoa\src\content\skills\index.json","520","""legacyPath"": ""./pages/Kỹ năng/Lâm sàng/Nghe_Am_Thanh.html"""
"D:\Apps_ykhoa\src\content\skills\index.json","528","""legacyPath"": ""./pages/Kỹ năng/OSCE_Randomizer.html"""
"D:\Apps_ykhoa\src\content\skills\index.json","536","""legacyPath"": ""./pages/Kỹ năng/Quản lý điều trị/Clinical_Reasoning.html"""
"D:\Apps_ykhoa\src\content\skills\index.json","544","""legacyPath"": ""./pages/Kỹ năng/Quản lý điều trị/Luachon_Khangsinh.html"""
"D:\Apps_ykhoa\src\content\skills\index.json","552","""legacyPath"": ""./pages/Kỹ năng/Quản lý điều trị/Luachon_KS.md"""
"D:\Apps_ykhoa\src\content\skills\index.json","560","""legacyPath"": ""./pages/Kỹ năng/Quản lý điều trị/Lyluan_DieutriNoikhoa.html"""
"D:\Apps_ykhoa\src\content\skills\index.json","568","""legacyPath"": ""./pages/Kỹ năng/Thủ thuật/Choc_Dich_Mang_Phoi.html"""
"D:\Apps_ykhoa\src\content\skills\index.json","576","""legacyPath"": ""./pages/Kỹ năng/Thủ thuật/Choc_Dich_Tuy_Song.html"""
"D:\Apps_ykhoa\src\content\skills\index.json","584","""legacyPath"": ""./pages/Kỹ năng/Thủ thuật/Dat_NKQ.html"""
"D:\Apps_ykhoa\src\content\tcm\config\yhct-module-manifest.yaml","12","path: ""pages/Y học cổ truyền/Lý luận & Ngũ hành/ngu-hanh-studio.html"""
"D:\Apps_ykhoa\src\content\tcm\config\yhct-module-manifest.yaml","15","json: ""pages/Y học cổ truyền/data/json/ngu-hanh-matrix.json"""
"D:\Apps_ykhoa\src\content\tcm\config\yhct-module-manifest.yaml","16","monograph: ""pages/Y học cổ truyền/docs/monographs/ngu-hanh-ly-luan.md"""
"D:\Apps_ykhoa\src\content\tcm\config\yhct-module-manifest.yaml","17","svg: ""pages/Y học cổ truyền/assets/svg/ngu-hanh-tuong-sinh-tuong-khac.svg"""
"D:\Apps_ykhoa\src\content\tcm\config\yhct-module-manifest.yaml","21","path: ""pages/Y học cổ truyền/Dược liệu & Cổ phương/duoc-thao-database.html"""
"D:\Apps_ykhoa\src\content\tcm\config\yhct-module-manifest.yaml","24","json_herbs: ""pages/Y học cổ truyền/data/json/duoc-thao-db.json"""
"D:\Apps_ykhoa\src\content\tcm\config\yhct-module-manifest.yaml","25","json_formulas: ""pages/Y học cổ truyền/data/json/phuong-te-db.json"""
"D:\Apps_ykhoa\src\content\tcm\config\yhct-module-manifest.yaml","26","csv_matrix: ""pages/Y học cổ truyền/data/csv/herbs-properties-matrix.csv"""
"D:\Apps_ykhoa\src\content\tcm\config\yhct-module-manifest.yaml","27","monograph: ""pages/Y học cổ truyền/docs/monographs/phuong-te-quan-than-ta-su.md"""
"D:\Apps_ykhoa\src\content\tcm\config\yhct-module-manifest.yaml","31","path: ""pages/Y học cổ truyền/Xoa bóp & bấm huyệt/ban-do-huyet-vi.html"""
"D:\Apps_ykhoa\src\content\tcm\config\yhct-module-manifest.yaml","34","json_acupoints: ""pages/Y học cổ truyền/data/json/acupoints-db.json"""
"D:\Apps_ykhoa\src\content\tcm\config\yhct-module-manifest.yaml","35","json_meridians: ""pages/Y học cổ truyền/data/json/meridians-tree.json"""
"D:\Apps_ykhoa\src\content\tcm\config\yhct-module-manifest.yaml","36","json_danger: ""pages/Y học cổ truyền/data/json/danger-zones.json"""
"D:\Apps_ykhoa\src\content\tcm\config\yhct-module-manifest.yaml","37","csv_index: ""pages/Y học cổ truyền/data/csv/acupoints-quick-index.csv"""
"D:\Apps_ykhoa\src\content\tcm\config\yhct-module-manifest.yaml","38","monograph: ""pages/Y học cổ truyền/docs/monographs/huong-dan-xoa-bop-bam-huyet.md"""
"D:\Apps_ykhoa\src\content\tcm\config\yhct-module-manifest.yaml","39","svg_clock: ""pages/Y học cổ truyền/assets/svg/meridian-clock.svg"""
"D:\Apps_ykhoa\src\content\tcm\config\yhct-module-manifest.yaml","43","path: ""pages/Y học cổ truyền/Chẩn đoán học/mach-chan-simulator.html"""
"D:\Apps_ykhoa\src\content\tcm\config\yhct-module-manifest.yaml","46","json_pulse: ""pages/Y học cổ truyền/data/json/mach-chan-28.json"""
"D:\Apps_ykhoa\src\content\tcm\config\yhct-module-manifest.yaml","47","json_tongue: ""pages/Y học cổ truyền/data/json/thiet-chan-atlas.json"""
"D:\Apps_ykhoa\src\content\tcm\config\yhct-module-manifest.yaml","48","monograph: ""pages/Y học cổ truyền/docs/monographs/tu-chan-chan-doan.md"""
"D:\Apps_ykhoa\src\content\tcm\config\yhct-module-manifest.yaml","49","svg_pulse: ""pages/Y học cổ truyền/assets/svg/pulse-waveforms.svg"""
"D:\Apps_ykhoa\src\content\tcm\config\yhct-module-manifest.yaml","50","svg_tongue: ""pages/Y học cổ truyền/assets/svg/tongue-regions-map.svg"""
"D:\Apps_ykhoa\src\content\tcm\config\yhct-module-manifest.yaml","54","path: ""pages/Y học cổ truyền/Dong-Tay-Y-Bridge/dong-tay-y-bridge.html"""
"D:\Apps_ykhoa\src\content\tcm\config\yhct-module-manifest.yaml","57","json_mapping: ""pages/Y học cổ truyền/data/json/dong-tay-y-mapping.json"""
"D:\Apps_ykhoa\src\content\tcm\config\yhct-module-manifest.yaml","58","csv_interactions: ""pages/Y học cổ truyền/data/csv/dong-tay-y-interactions.csv"""
"D:\Apps_ykhoa\src\content\tcm\config\yhct-module-manifest.yaml","62","path: ""pages/Y học cổ truyền/Dưỡng sinh & Game/duong-sinh-dashboard.html"""
"D:\Apps_ykhoa\src\content\tcm\config\yhct-module-manifest.yaml","65","json_routines: ""pages/Y học cổ truyền/data/json/duong-sinh-routines.json"""
"D:\Apps_ykhoa\src\content\tcm\config\yhct-module-manifest.yaml","66","json_quiz: ""pages/Y học cổ truyền/data/json/yhct-quiz-bank.json"""
"D:\Apps_ykhoa\src\content\tcm\config\yhct-module-manifest.yaml","67","monograph: ""pages/Y học cổ truyền/docs/monographs/bat-doan-cam-duong-sinh.md"""
"D:\Apps_ykhoa\src\content\tcm\index.json","8","""legacyPath"": ""./pages/Y học cổ truyền/Chẩn đoán học/mach-chan-simulator.html"""
"D:\Apps_ykhoa\src\content\tcm\index.json","16","""legacyPath"": ""./pages/Y học cổ truyền/Chẩn đoán học/thiet-chan-atlas.html"""
"D:\Apps_ykhoa\src\content\tcm\index.json","24","""legacyPath"": ""./pages/Y học cổ truyền/docs/monographs/bat-doan-cam-duong-sinh.md"""
"D:\Apps_ykhoa\src\content\tcm\index.json","32","""legacyPath"": ""./pages/Y học cổ truyền/docs/monographs/huong-dan-xoa-bop-bam-huyet.md"""
"D:\Apps_ykhoa\src\content\tcm\index.json","40","""legacyPath"": ""./pages/Y học cổ truyền/docs/monographs/ngu-hanh-ly-luan.md"""
"D:\Apps_ykhoa\src\content\tcm\index.json","48","""legacyPath"": ""./pages/Y học cổ truyền/docs/monographs/phuong-te-quan-than-ta-su.md"""
"D:\Apps_ykhoa\src\content\tcm\index.json","56","""legacyPath"": ""./pages/Y học cổ truyền/docs/monographs/tu-chan-chan-doan.md"""
"D:\Apps_ykhoa\src\content\tcm\index.json","64","""legacyPath"": ""./pages/Y học cổ truyền/Dong-Tay-Y-Bridge/dong-tay-y-bridge.html"""
"D:\Apps_ykhoa\src\content\tcm\index.json","72","""legacyPath"": ""./pages/Y học cổ truyền/Dưỡng sinh & Game/duong-sinh-dashboard.html"""
"D:\Apps_ykhoa\src\content\tcm\index.json","80","""legacyPath"": ""./pages/Y học cổ truyền/Dưỡng sinh & Game/yhct-quiz-arena.html"""
"D:\Apps_ykhoa\src\content\tcm\index.json","88","""legacyPath"": ""./pages/Y học cổ truyền/Dược liệu & Cổ phương/duoc-thao-database.html"""
"D:\Apps_ykhoa\src\content\tcm\index.json","96","""legacyPath"": ""./pages/Y học cổ truyền/Dược liệu & Cổ phương/phuong-te-studio.html"""
"D:\Apps_ykhoa\src\content\tcm\index.json","104","""legacyPath"": ""./pages/Y học cổ truyền/Lý luận & Ngũ hành/ngu-hanh-studio.html"""
"D:\Apps_ykhoa\src\content\tcm\index.json","112","""legacyPath"": ""./pages/Y học cổ truyền/Xoa bóp & bấm huyệt/ban-do-huyet-vi.html"""
"D:\Apps_ykhoa\src\content\tcm\index.json","120","""legacyPath"": ""./pages/Y học cổ truyền/Xoa bóp & bấm huyệt/Note.md"""
"D:\Apps_ykhoa\src\content\tcm\index.json","128","""legacyPath"": ""./pages/Y học cổ truyền/y-hoc-co-truyen.html"""
"D:\Apps_ykhoa\src\content\tcm\readme.md","10","pages/"
"D:\Apps_ykhoa\src\content\tcm\readme.md","90","*   *Tham khảo cấu trúc mã nguồn mẫu tại:* [flowchart-template.html](../../../pages/Tiếp cận/flowchart-template.html)."
